country,observations,mean_employment,minimum,maximum,standard_deviation
EU,12,84.36666666666667,79.5,87.6,2.622744341103011
Greece,12,62.125,47.4,79,9.460840343225332
